id,name,country,salary
1,Alwyn Gingles,Canada,47096
2,Daune Fyers,United States,1740
3,Clare Dunkley,United States,4139
4,Mattias Chessil,Canada,84701
5,Titos Moylan,United States,76832
6,Hashim Murkus,United States,80585
7,Lilllie Cavan,United States,92013
8,Lawrence Seagrove,Canada,48217
9,Emmalynne McGeever,Canada,26031
10,Powell Farnin,United States,42186
11,Jacqueline Kelberman,Canada,17673
12,Marion Vinau,Canada,37732
13,Jimmie Corran,United States,27929
14,Torey Bourgour,United States,77163
15,Wynny Byforth,Canada,67993
16,Freida Vautin,United States,73138
17,Amelina Felipe,Canada,90378
18,Heida Phipard-Shears,United States,5343
19,Mischa Lehrahan,United States,16615
20,Fulton Cason,United States,76968
21,Eldredge Cisson,United States,19596
22,Jessamyn Tunnadine,United States,86702
23,Filia Jaulme,United States,8026
24,Valina Chate,Canada,85370
25,Stanton Schwaiger,Canada,29046
26,Jan Caress,Canada,13306
27,Ruy Birkby,United States,49798
28,Shaylah O'Looney,Canada,43467
29,Orly Kitchenham,United States,2502
30,Frederik Bareham,Canada,31306
31,Wilma Falla,United States,58118
32,Lucretia Cromett,United States,62766
33,Cordie Currm,United States,30086
34,Pyotr Fairhall,United States,56211
35,Maighdiln Scully,United States,71867
36,Ajay Stringer,United States,5395
37,Alphard Kilmurry,Sri Lanka,55000
38,Findlay Mussard,Canada,35915
39,Chadwick Blackall,United States,90733
40,Davey Stambridge,United States,69187
41,Beilul Vardon,United States,59878
42,Marys Jeannaud,United States,25331
43,Cy Candlin,Canada,49928
44,Hilary MacKeogh,United States,78084
45,Rowen Sante,Canada,70964
46,Parke Ellinor,United States,91918
47,Mariele Seyler,United States,46787
48,Patsy Janouch,United States,65042
49,Berenice Nowill,Canada,60182
50,Leoine Skipperbottom,United States,39093
51,Kleon McOrkill,United States,80550
52,Allx Curryer,Canada,45407
53,Dotty Skoate,Canada,79338
54,Nikoletta Paradin,United States,92810
55,Juliane Vannini,United States,2460
56,Hadrian Toal,United States,81039
57,Alejandra Smail,Canada,72431
58,Talbot Aspinwall,United States,3025
59,Grover Bray,United States,13174
60,Dell Hiers,United States,99837
61,Merv Pala,Canada,93081
62,Phillipp Jeffry,United States,21879
63,Dalt Erett,United States,19210
64,Garvin Tinkham,Canada,85775
65,Molly Scrivenor,Canada,93714
66,Levi Peasgood,Canada,85752
67,Cecilius Raraty,Canada,81901
68,Ross Leggon,United States,2884
69,Shantee Cowthart,Canada,11137
70,Ag Greenman,United States,43308
71,Terri Sowthcote,Canada,77858
72,Albertine Anney,Canada,25672
73,Dorella Zanioletti,United States,92090
74,Catherin Calyton,United States,73877
75,Elie Porritt,Canada,81144
76,Yanaton Reide,India,150000
77,Minnnie Holtham,United States,98368
78,Loutitia Kirwan,Canada,77519
79,Aleta Gurry,United States,54643
80,Trevar Hasluck,United States,15718
81,Augustus Triswell,Sri Lanka,65000
82,Madalyn Coggeshall,United States,91564
83,Winnie Swynley,United States,98232
84,Gabriel Cymper,United States,86862
85,Lacey Sexton,United States,5475
86,Matelda Pirelli,United States,35991
87,Vincents Thumann,United States,94957
88,Constantia Dod,United States,83157
89,Caddric Drinan,United States,93885
90,Kat Bagge,United States,34001
91,Cobb Rounding,United States,60954
92,Meryl McDuffie,Canada,87807
93,Anastasia Greser,United States,85276
94,Kellyann Rammell,United States,48899
95,Reagan Teulier,Canada,80852
96,Richy Bourtoumieux,United States,12058
97,Izabel Franzoli,Canada,16284
98,Whit Eberle,United States,91533
99,Wilfrid Ollerenshaw,Canada,92192
100,Algernon Piller,Canada,3227
101,Zaneta Heinemann,United States,22924
102,Tonie Sellor,United States,56947
103,Crichton Graben,United States,60573
104,Rosie Ascroft,Sri Lanka,70000
105,Eberto Riseam,Canada,64614
106,Misti Collete,United States,22569
107,Sholom Atger,Canada,42054
108,Hart Amiss,United States,44807
109,Emmett Grigoriev,United States,98095
110,Josi Kubecka,Canada,29861
111,Agneta Dunabie,Canada,41054
112,Hilde Phebee,United States,48008
113,Christin Korting,Canada,46328
114,Druci Cow,Sri Lanka,70000
115,Conrado Juszkiewicz,United States,51312
116,Joey Spaven,United States,49559
117,Miguela Ledwidge,United States,32207
118,Adriana Mazzeo,United States,53588
119,Valle Gianninotti,United States,19911
120,Tab Cleve,United States,66164
121,Merrick Gallon,Canada,40587
122,Lori Paxforde,United States,3909
123,Teddy Johnston,United States,66131
124,Jillie Mee,Canada,33663
125,Ynes Frogley,Canada,49445
126,Indira Blakey,United States,92080
127,Beckie Tome,United States,23219
128,Leeanne Lent,United States,14329
129,Isacco Schirok,Sri Lanka,70000
130,Suzy Phythian,Canada,65000
131,Arturo Lammenga,United States,70000
132,Perice Coward,Canada,75000
133,Wilmette Everiss,Canada,29472
134,Tybie Anslow,Canada,32289
135,Cesaro Robardey,United States,98033
136,Suzann Yokel,Canada,77493
137,Yolande Thornbarrow,Canada,41380
138,Willabella Owbridge,Canada,3356
139,Dare Gaven,United States,55288
140,Harriet Livens,Canada,25692
141,Timmie Coverdale,United States,35300
142,Lorelle Aubury,Canada,48331
143,Shaine Sellman,Canada,81734
144,Aldwin Matthews,Canada,16878
145,Idalina Pencost,Canada,54827
146,Alyda Cowland,Canada,48679
147,Lind Totaro,Canada,84406
148,Kayle Apps,United States,46500
149,Sallyann Dallmann,Sri Lanka,70000
150,Mitzi Moss,United States,65000
151,Jamey Dismore,United States,70000
152,Roselin Oxborough,United States,75000
153,Clare Andrys,United States,91666
154,Taylor Alcido,United States,19469
155,Lavinia Boodle,United States,25917
156,Virgil Walesa,United States,53502
157,Hale Lawtey,United States,67624
158,Alyse Feasey,United States,56651
159,Joyan Tomankowski,United States,73131
160,Mabelle Curnucke,United States,47429
161,Lorry Chrystal,United States,22590
162,Jelene Kerin,United States,12545
163,Donalt Southerns,United States,66343
164,Jeannette La Wille,Canada,28938
165,Charmain Sheaf,United States,93881
166,Tildie Haythornthwaite,Canada,27335
167,Kara Hulburd,United States,79348
168,Avis Kayser,United States,74909
169,Krystal Lodwick,Canada,77331
170,Nellie Farherty,Canada,15286
171,Hercules Tierny,Canada,6357
172,Niki Ferbrache,Canada,2661
173,Maude Steuhlmeyer,United States,63909
174,Pavel Dobinson,United States,80603
175,Daphne Brugh,Canada,15698
176,Hollie Ivanovic,United States,91365
177,Flora Beevor,Canada,42366
178,Thacher Lowdyane,United States,62565
179,Chicky Jolin,Canada,59644
180,Silvia O'Longain,United States,19623
181,Jerrold Attrey,United States,16530
182,Gayla Drakes,United States,5974
183,Chase Hillatt,United States,70605
184,Isabelita Grzelewski,United States,16661
185,Eirena Lavielle,United States,11580
186,Bidget Orringe,United States,14432
187,Danny Heistermann,United States,71622
188,Lura Queyos,United States,78145
189,Laurent Rubens,United States,57384
190,Martie Southey,Canada,61951
191,Zelig Moxstead,United States,88567
192,Markus Haxbie,United States,66501
193,Aurilia Waghorn,Canada,5101
194,Rubina Galiford,United States,95394
195,Delmer Atmore,United States,79605
196,Cointon Truwert,United States,34145
197,Car Laurentin,United States,45432
198,Milty Gier,United States,21721
199,Nye Brearton,United States,82876
200,Kalli Wisby,United States,47915
201,Eldridge Boswood,United States,24041
202,Lilli Middell,Canada,63602
203,Sherry Hulatt,United States,26376
204,Stacy Buchett,United States,4441
205,Gordy Lambie,United States,66896
206,Duffie Sturmey,United States,34009
207,Erny Cottis,United States,76851
208,Rhodie Gillingwater,United States,6229
209,Stefa Cozins,Canada,23412
210,Lavina Rodinger,Canada,63355
211,Cheryl Mulholland,United States,10083
212,Donny Mazonowicz,Canada,5994
213,Husein Vaines,United States,78041
214,Manfred Lanston,United States,1084
215,Hamlen Blase,United States,37812
216,Cecil Esmonde,Canada,29063
217,Theresa Wythe,India,150000
218,Xavier Gallardo,Canada,95289
219,Frank Kilfeather,Canada,66502
220,Clerissa Ferraro,United States,74357
221,Ania Easom,United States,49949
222,Jaimie Asquez,Canada,85279
223,Christy Stainer,Canada,20437
224,Teddie Furnival,United States,34060
225,Heidie Ackerley,Canada,12891
226,Lonni Hollingby,United States,36689
227,Tybi Drache,Canada,30361
228,Francklin Pfeffle,Canada,40393
229,Nev Giffard,Canada,55999
230,Hakim Pennicott,United States,92402
231,Ellene Beernt,United States,13621
232,Waly Corck,Canada,21318
233,Pamela Joannet,United States,57131
234,Zora Kienlein,United States,15392
235,Raf Lethbridge,United States,85237
236,Kakalina Pendered,United States,43837
237,Shae Yes,United States,31333
238,Amerigo Swafford,Canada,14313
239,Kathie Copnell,United States,82588
240,Bertrand Dunkinson,United States,70842
241,May Spriggin,Canada,71244
242,Wilek Orridge,United States,44668
243,Cletis Ivannikov,Canada,88532
244,Isidore Liddel,United States,35051
245,Anatol Kinvig,United States,4771
246,Ola Duprey,United States,54611
247,Hansiain Mansour,United States,76553
248,Edwina Tilsley,United States,88955
249,Jodi Garrood,United States,1005
250,Lucia Parminter,Canada,28522
251,Berton Flacknoe,Canada,4576
252,Lilllie Butler,Canada,61272
253,Jerrold Gentzsch,United States,91219
254,Rayner Innerstone,United States,34649
255,Tynan Tenny,Canada,4278
256,Deane Grishanin,Sri Lanka,70000
257,Emanuel Moyser,United States,26038
258,Skell Leverage,United States,68963
259,Damien Moffatt,United States,16727
260,Erinna Anderton,Canada,19248
261,Ermanno Echlin,United States,86391
262,Elia Dacke,United States,34675
263,Karlis Dreghorn,United States,97266
264,Angelia Brito,Canada,11259
265,Willi Naisbitt,United States,43457
266,Errol Willerton,United States,64729
267,Kurtis McNeil,United States,57658
268,Melvin Kobisch,Canada,40959
269,Antin Bolderstone,Canada,5666
270,Jeanette Ruselin,United States,67607
271,Roxanna Cottham,United States,77485
272,Lexie Jowsey,Canada,40185
273,Stan Pash,United States,7678
274,Myer Tibald,United States,90468
275,Warde Boomes,United States,3953
276,Haley Rooms,Canada,50621
277,Lyman Mapston,United States,2385
278,Jeremiah O'Rowane,Canada,54936
279,Joellen Rizzello,Canada,69091
280,Rafaello Fabry,United States,69927
281,Simone Fraczak,United States,89822
282,Cassandry Nenci,United States,33132
283,Launce Beed,Canada,97119
284,Morgen Charte,Canada,85811
285,Sonny D'Oyley,United States,43400
286,Tobias Wahner,Canada,39699
287,Nettle Piddlesden,Canada,73601
288,Noah Sumpter,United States,82468
289,Farly Bissill,Canada,50389
290,Courtnay Cuttell,United States,45423
291,Oriana Flinders,United States,71746
292,Alvie Wickersley,United States,43724
293,Kelly Challens,Canada,15321
294,Gilburt Sacker,Canada,87801
295,Christa Attiwill,United States,90600
296,Eachelle Scay,Canada,96659
297,Haywood Cleary,Canada,3664
298,Berrie Waeland,United States,87138
299,Logan Sillis,Canada,82662
300,Lief Leek,Canada,98342
301,Worden Hassewell,Canada,44640
302,Emelda Mirfield,Canada,76784
303,Maisie Szabo,United States,67827
304,Jone Barczewski,Canada,57850
305,Antonius Turri,Canada,1352
306,Tarrance Causon,United States,6902
307,Spencer Trask,United States,99208
308,Ashlie Burhouse,United States,8669
309,Minetta Giacopazzi,Canada,54100
310,Willa Biesty,United States,85509
311,Eileen Jozefowicz,United States,91137
312,Adriaens Cubbini,United States,13526
313,Kalinda McDirmid,United States,62990
314,Irina Hirth,United States,15370
315,Milzie Yearns,Canada,40407
316,Raymund Manilo,Sri Lanka,70000
317,Finn Pacher,United States,71496
318,Thorsten Andrat,Sri Lanka,95000
319,Durant Standring,United States,16472
320,Karrie Lowrie,United States,28423
321,Tam Coultard,United States,69262
322,Darcee Rable,United States,40868
323,Isaak Feehely,Canada,73626
324,Christophe Renol,Canada,63266
325,Thom Loins,United States,95763
326,Ezri Grece,Canada,75354
327,Estell Lamberteschi,United States,96777
328,Schuyler Kellegher,Canada,26161
329,Mead Slipper,United States,7709
330,Wilhelm Derrington,United States,86779
331,Binny Varney,United States,22310
332,Rosco Blakemore,United States,54498
333,Merrilee Canto,Canada,34215
334,Anabal Thirlwall,United States,96685
335,Stephenie Shewery,Sri Lanka,70000
336,Courtenay McNeish,United States,65342
337,Maisey Lawlance,Canada,11857
338,Cobby Meany,Canada,99531
339,Chere Everly,United States,59084
340,Frasier McVanamy,United States,44567
341,Klement Piwall,Canada,86112
342,Reta Bucklee,Canada,17672
343,Hansiain Loades,United States,82526
344,Thoma Sulland,United States,44974
345,Lindy Love,Canada,5879
346,Mathilde Hadrill,Canada,40531
347,Evanne Melanaphy,United States,57342
348,Ignace Bestwick,United States,96951
349,Kylie Skelhorne,Canada,69060
350,Dalila Channing,United States,92068
351,Claiborn Younger,United States,58233
352,Freeland Reffe,United States,61508
353,Brear Beardow,United States,8021
354,Jessamine Stanluck,United States,71821
355,Donnie McNeilly,United States,64881
356,Genevieve Cane,United States,34267
357,Stefan Rankmore,United States,37457
358,Matty Kahn,Sri Lanka,70000
359,Harald See,United States,13358
360,Willey Tumilson,United States,53690
361,Zondra Woodyatt,United States,16744
362,Roxanna Farlow,Sri Lanka,70000
363,Doris Thompson,Canada,68832
364,Edith Buttress,United States,18289
365,Aurea Dudek,United States,88804
366,Nady Penlington,United States,3847
367,Darbie Fonzo,Canada,15130
368,Prinz Loidl,Canada,15683
369,Kimberley Spivie,United States,52105
370,Phylis Blaxill,United States,27779
371,Verile Morot,Sri Lanka,70000
372,Emmalee Newark,United States,63335
373,Rurik Callen,United States,31958
374,Bruno Trebilcock,Canada,62154
375,Modestia Brangan,United States,85682
376,Nanci Rubinowitsch,Canada,91426
377,Karola Fearnley,United States,60712
378,Austina Jorgesen,United States,98470
379,Sherry Raven,United States,8540
380,Halley Wakeham,United States,63428
381,Faunie Umbers,United States,57002
382,Lucienne Feeley,Canada,9601
383,Nickola McKendry,Canada,43452
384,Norbert Garrigan,United States,4267
385,Bearnard Trewhella,Canada,75657
386,Elias Burwell,United States,63247
387,Pinchas Boddam,Canada,29166
388,Curtis Kordova,United States,44850
389,Elisa Honnan,Canada,74481
390,Ermanno Brecknock,Canada,18708
391,Berkley Whitcomb,Sri Lanka,70000
392,Sarita Jeckell,Canada,8968
393,Karoline Ingre,United States,41099
394,Nickey Charville,United States,25872
395,Tara Simion,United States,64248
396,Fernando Cadlock,Canada,37246
397,Alan Drivers,United States,2881
398,Jim Moulding,United States,5895
399,Corena Aguilar,United States,18810
400,Sarette Marousek,Canada,14617
401,Gerianna Caltera,United States,29758
402,Frieda Gillatt,United States,20003
403,Marcy Colbron,United States,82484
404,Rianon Varvell,United States,45031
405,Lucas Nevinson,United States,16568
406,Daffie McGifford,Canada,81020
407,Kimble Mingotti,United States,32425
408,Tammie Paoletti,United States,97533
409,Stearne Campaigne,United States,20231
410,Isaac MacNeillie,Canada,25705
411,Juan Vasilchenko,Canada,32584
412,Lydia Clarabut,Canada,40930
413,Chris Cavendish,Canada,46867
414,Hilly Colliard,United States,42802
415,Hedi Eim,United States,67509
416,Edy Burriss,Canada,6136
417,Toddy Northcote,United States,86753
418,Timofei Bortolozzi,Canada,1264
419,Brittaney Issit,United States,87198
420,Selie Drover,United States,47813
421,Prue Jeune,United States,34903
422,Isidora MacAllaster,United States,31981
423,Dora Ryam,Canada,27586
424,Graehme Gingedale,United States,69763
425,Deanna Stuffins,United States,50644
426,Leigh Courtman,Canada,46444
427,Jordon Sayers,United States,49920
428,Thadeus Dahle,Canada,60248
429,Stanfield Leary,Canada,81843
430,Otis Bowhey,Canada,27971
431,Jeramey MacNucator,United States,47968
432,Harrietta Tosh,United States,34362
433,Daryl Matiebe,United States,58277
434,Dora Morforth,United States,92918
435,Eliot Tarbath,United States,96660
436,Xever Brauner,Canada,47722
437,Druci Savary,Canada,85275
438,Nara Harlick,United States,68237
439,Clark Gronauer,Sri Lanka,70000
440,Candy Lillegard,United States,94705
441,Hewitt Sonier,United States,93741
442,Pierrette Ferroli,United States,24220
443,Allen Norvell,United States,81556
444,Abie Aitken,United States,86433
445,Kale Clemintoni,United States,84118
446,Nancey MacKniely,Canada,71484
447,Nicholas Featherbie,United States,63000
448,Daphene Waeland,United States,85521
449,Maris Calveley,United States,55463
450,Chris Castagnasso,United States,27298
451,Elka Drury,United States,42181
452,Errol Dallmann,United States,24194
453,Sherlock Wyndham,United States,43005
454,Stormie Bakster,Canada,93496
455,Erick Kesper,United States,51546
456,Dennis Kitcherside,Canada,87953
457,Erick Giraudoux,Canada,8400
458,Parke Relph,Canada,36916
459,Barclay Argrave,United States,50810
460,Anissa Lamke,United States,34168
461,Ivory Guice,Canada,28593
462,Valeda Vynehall,United States,54300
463,Isiahi Didsbury,United States,49392
464,Sonya Rampley,Sri Lanka,70000
465,Forest Jannaway,United States,6646
466,Parke Plumley,United States,96599
467,Remy Stayte,Canada,88705
468,Trista Gapp,United States,87399
469,Ara Plumridge,Canada,80391
470,Maurice Rawstorne,Sri Lanka,70000
471,Cathryn Eakens,Canada,74499
472,Giles Eyckel,United States,26610
473,Nicol Arsnell,United States,47126
474,Kat Futcher,Canada,47000
475,Rurik Pendergast,Canada,47621
476,Cobby Howsan,United States,76909
477,Gusta Fowley,United States,31694
478,Laurie Averay,United States,86152
479,Chan Schole,United States,33355
480,Natalya Carville,Canada,13482
481,Conrad Walshe,Canada,51684
482,Ferne Gideon,United States,7454
483,Kinna Balma,United States,55403
484,Raquela Gillbe,Canada,88291
485,Peggi De Atta,Canada,53115
486,Woodrow Paulson,United States,71301
487,Elisabet Trencher,United States,28803
488,Frayda Poleye,United States,88186
489,Truman MacKaig,United States,34879
490,Sofia Le Brun,United States,81782
491,Tasia Boltwood,Canada,43737
492,Alissa Daveley,United States,37558
493,Tabbatha Staite,United States,11070
494,Fredek Dahle,United States,30499
495,Rakel Suttling,United States,95217
496,Brien Neylan,United States,58402
497,Lazare Lorenzin,Canada,85010
498,Tamar Jouhan,United States,56240
499,Dina Battman,United States,46350
500,Sarene Carlesi,Canada,46081
501,Rhianon Crotty,United States,71237
502,Cody Cummungs,United States,2537
503,Basil Hankinson,United States,54616
504,Helen-elizabeth Andrichak,United States,23088
505,Kori West,Canada,67776
506,Riannon Leaver,United States,23185
507,Anna-diane Merricks,United States,71287
508,Adria Whellans,Sri Lanka,70000
509,Selena Sambals,United States,89326
510,Mabelle Pedrol,Canada,65863
511,Dannel Cogin,Canada,73139
512,Bernadene Clausson,United States,89066
513,Shirlene Ferrandez,United States,77830
514,Gabriell Cuppitt,Canada,95943
515,Kalindi Voas,United States,79917
516,Carolus Dilliston,United States,79251
517,Maddie Gillanders,United States,75840
518,Morey Zanneli,Canada,21824
519,Nehemiah Harrell,Canada,89100
520,Rona Struther,Canada,36612
521,Gilbertina Dudgeon,United States,16138
522,Conney Dugdale,United States,20229
523,Dionysus Ealden,United States,21801
524,Maurise Janssen,United States,67213
525,Salome Labeuil,Canada,36661
526,Salvatore Taffrey,Canada,85372
527,Elwira Monnelly,United States,77802
528,Julia Comber,Canada,15439
529,Salvidor Eirwin,United States,92372
530,Alameda Poor,United States,9482
531,Miner Senett,United States,23230
532,Brigid Eilles,United States,93731
533,Patience Millican,United States,11272
534,Aggi Greggersen,United States,96476
535,Sammie Dmtrovic,Sri Lanka,70000
536,Felicdad Sturdgess,Canada,32063
537,Jermayne Arington,United States,80723
538,Tina Stepney,Canada,96652
539,Roseann Cornforth,United States,73594
540,Peggi Basden,Sri Lanka,70000
541,Louella Phelps,Sri Lanka,70000
542,Deb Petrovsky,United States,88066
543,Mirabelle Hall-Gough,Canada,95336
544,Jeffry Tanby,United States,31629
545,Gabriel Gowrich,Canada,45886
546,Myrtia Hissett,United States,17041
547,Billy Cain,United States,36075
548,Lavinia Stennet,United States,74161
549,Doug McIlreavy,United States,76437
550,Dian Liddicoat,United States,82850
551,Otto Froggatt,United States,93538
552,Reynold McLucas,Canada,93576
553,Feodor Fetters,Sri Lanka,70000
554,Wendell Jelly,United States,87863
555,Dori Sammons,United States,24172
556,Kelley Brome,Canada,8141
557,Kriste Harower,United States,71990
558,Janean Cofax,Canada,82108
559,Lise Munn,Canada,36150
560,Claudio Syrad,United States,76963
561,Dennie Bausor,United States,32593
562,Giustino McDowell,Canada,4722
563,Ogden Belton,United States,94473
564,Corby Menure,Canada,13064
565,Genna Shay,Sri Lanka,70000
566,Violette Laverock,Canada,37354
567,Staci Trass,United States,64363
568,Garrek Yonge,Canada,86817
569,Jamey Harston,United States,58076
570,Kimberli Albert,United States,77019
571,Celie Fever,United States,30282
572,Renate Congrave,United States,64182
573,Sonnie Hasard,Canada,20255
574,Veronika Tilmouth,United States,72715
575,Rafi Overnell,United States,46301
576,Corney Cromblehome,Canada,37009
577,Margy Danihelka,United States,58494
578,Tripp Curling,Canada,87165
579,Chris Mayte,Canada,21550
580,Herschel Moore,United States,44093
581,Odelia Jizhaki,United States,60596
582,Ara Feehan,United States,32723
583,Doloritas Alpe,United States,99064
584,Tally Lembcke,Canada,77655
585,Emmy Francello,Canada,18474
586,Saudra Tilt,United States,78390
587,Cecelia Poleykett,United States,57727
588,Ethelred Lukesch,United States,55883
589,Tomi Dumke,United States,29736
590,Shalna Wain,United States,12508
591,Eryn Thurston,United States,23668
592,Alexis Fauning,United States,9981
593,Tamiko Brauner,Canada,99090
594,Rikki Ebertz,Sri Lanka,85000
595,Derril Holston,United States,22464
596,Rodney Burgess,Canada,9278
597,Marissa Banting,United States,25739
598,Yard Agent,United States,95538
599,Jacqueline Gollard,Sri Lanka,70000
600,Esme De La Haye,Canada,44893
601,Thalia Demicoli,United States,57476
602,Donella Crang,India,250000
603,Bastien Gathercoal,United States,9578
604,Debi Langrish,Canada,58928
605,Katey Daton,United States,24349
606,Roseanna Sivyer,United States,41542
607,Elmer Solleme,United States,65385
608,Fredek Middlewick,Canada,46830
609,Demeter Potteril,Canada,82107
610,Vickie Edards,United States,31044
611,Lilah Casine,United States,20677
612,Angelico Bevington,United States,49330
613,Paquito Cleminshaw,Canada,87738
614,Merrick Tippett,United States,48848
615,Egor Kenneford,Canada,11223
616,Ferguson Soda,Canada,8493
617,Ray Smardon,United States,5467
618,Brianne Gellibrand,Canada,2746
619,Jaclin Kubica,Canada,90490
620,Wrennie Hadaway,United States,6781
621,Kingsley Kilner,Sri Lanka,70000
622,Josefina Sherr,Canada,70361
623,Claire Sutterfield,Sri Lanka,70000
624,Darill Sparrowhawk,Canada,20964
625,Gabbie Rain,Canada,85922
626,Morna Shepstone,United States,7513
627,Roobbie Negro,United States,6609
628,Reggis Bentinck,Sri Lanka,70000
629,Sofia Pointon,Canada,97653
630,Waverly Rollett,Canada,11065
631,Rolando Newcomb,United States,49550
632,Gladi Borg-Bartolo,Canada,22884
633,Weidar Avis,Canada,42964
634,Huntlee Phizacklea,United States,52856
635,Aldridge D'Andrea,Canada,21965
636,Marcellina Waddy,United States,37552
637,Alfy Gresly,United States,11428
638,Olvan Leet,United States,66810
639,Flori Sheron,Sri Lanka,70000
640,Steffen Windous,United States,32304
641,Freda Abraham,United States,99940
642,Randy Kolinsky,Canada,38859
643,Trudey Simukov,Canada,29308
644,Sigvard Krysztowczyk,Sri Lanka,70000
645,Kaine Blethin,United States,99772
646,Tim Nealon,United States,31014
647,Reggis Kerry,Canada,63890
648,Patrica Pashan,Canada,42681
649,Lotta Solano,Canada,48667
650,Berne Bromilow,Canada,81429
651,Alain Cadreman,Canada,20022
652,Cleve Ingold,Canada,75929
653,Nannette Walkden,Canada,38000
654,Edlin Peers,United States,66321
655,Alethea Garken,United States,47559
656,Palm Skelhorne,United States,97531
657,Wylie Clow,Canada,59609
658,Jacintha Cossam,United States,97014
659,Sara Levings,Sri Lanka,70000
660,Darrick Durgan,Canada,28146
661,Jody Durston,United States,14634
662,Timmi Bason,Canada,45770
663,Feodor Howship,United States,30687
664,Wyatt Jenoure,Canada,97301
665,Lin Waudby,Canada,95106
666,Carmine De Blasiis,United States,32690
667,Ashley Eles,Canada,66180
668,Brett Madoc-Jones,United States,86358
669,Dirk Ashcroft,United States,53969
670,Garold Luckings,Canada,91984
671,Wendall Ratley,Canada,81191
672,Alis Diggins,United States,84662
673,Lars Leonard,Canada,20346
674,Felice Feely,United States,35416
675,Rosalynd Bein,United States,54631
676,Charley Sannes,United States,27207
677,Micheline Matfin,Canada,92212
678,Suellen Athow,Canada,12004
679,Cam Reyburn,United States,61688
680,Gerard Binks,United States,31784
681,Susann Birden,Canada,78699
682,Zena Bendley,Canada,89363
683,Zeke Longea,Canada,39494
684,Hersch Gebb,United States,89786
685,Philipa Prodrick,United States,21213
686,Saree Sutehall,United States,76382
687,Pippy Grzegorecki,United States,53563
688,Micky Hawkey,Canada,56202
689,Chrisy McDonell,Canada,79042
690,Mordy Llop,United States,6214
691,Kalinda Grossman,United States,62790
692,Anselma Eddies,India,280000
693,Frederico Trunby,United States,44229
694,Tommie Heasly,United States,61513
695,Ganny Adnett,Sri Lanka,70000
696,Amaleta Nanuccioi,Canada,37959
697,Terencio Olliffe,United States,21437
698,Tudor Caulcott,Canada,30571
699,Alejoa Webland,Canada,74293
700,Sky Alessandrelli,United States,67841
701,Darcey Cutting,Canada,29831
702,Dorthy Todman,United States,9356
703,Emelina Joannidi,Canada,40279
704,Leanor Trye,United States,74791
705,Wheeler Cadney,United States,35041
706,Karlee Clementel,United States,21007
707,Frannie Boij,Canada,95596
708,Sylvan Wilsee,United States,55707
709,Brocky Destouche,Canada,47674
710,Ozzy Petrello,United States,9467
711,Andonis Broadhurst,Canada,12016
712,Waverly Tibbotts,Canada,54270
713,Belinda Caldron,United States,15833
714,Tris Carnew,United States,33120
715,Barnabe Rasp,United States,94507
716,Tova Eldridge,United States,62242
717,Tori Percifer,United States,70684
718,Merv Snufflebottom,United States,94819
719,Gaby Scouse,Canada,82363
720,Ware Imesson,United States,43035
721,Renaldo Pressman,United States,62041
722,Hilliary Hegarty,United States,63735
723,Sonni Gerrett,United States,4583
724,Gilly De La Haye,United States,9138
725,Carmella Vakhrushev,Canada,3978
726,Mommy Blazynski,United States,67595
727,Mollie Burgyn,United States,41336
728,Dolph Llop,Canada,41457
729,Alfonso Breming,United States,19690
730,Reidar Gleadhell,United States,6482
731,Neille Eilers,Canada,1724
732,Hannie Dewdeny,Canada,59133
733,Cathlene Brunel,Canada,5354
734,Charlene Geistbeck,United States,42047
735,Bobbette Brockbank,United States,71055
736,Laverna Stratford,United States,40179
737,Pammi Loody,United States,67148
738,Ali Treadger,United States,65098
739,Cale Pook,Canada,13370
740,Yule Semorad,Canada,24314
741,Stevie Purcell,United States,33362
742,Minor Bollum,United States,19125
743,Pall Brophy,United States,81975
744,Carrie Gouldsmith,United States,52275
745,Clarice Timewell,United States,19530
746,Yance Fitzmaurice,Canada,97410
747,Flossi Ship,Canada,86252
748,Gwenni Frango,United States,85953
749,Tobias Puddephatt,United States,7164
750,Brittni Olivazzi,Canada,64398
751,Collette Vaskov,Canada,12435
752,Bobby Naile,United States,38176
753,Rosalinda Guillem,Canada,48887
754,Melvin Fossett,United States,24024
755,Samantha Headings,United States,4460
756,Maggi Loddon,United States,40524
757,Orazio MacRitchie,United States,48524
758,Sebastien Courtier,United States,11505
759,Carolina Barukh,Canada,12238
760,Danya Duffet,United States,89545
761,Geri Harfoot,Canada,44942
762,Torrence De Ambrosi,United States,88906
763,Duffie Segges,United States,71417
764,Tobey Queen,United States,95487
765,Charis Toyer,United States,90018
766,Loretta Joesbury,United States,5532
767,Nollie Yuryshev,Canada,76479
768,Kaye Ferriman,United States,16699
769,Maurine Couvet,United States,7561
770,Chelsae Upshall,Canada,5779
771,Jedd Palmer,Canada,65598
772,Erin Erskin,United States,58956
773,Anjanette Crisell,United States,19361
774,Quinlan Joe,Canada,33300
775,Waylan Terron,Canada,15998
776,Dora Dugmore,United States,9312
777,Letizia Halsworth,Canada,5524
778,Vincenty Jaggers,Canada,97849
779,Parsifal Vanshin,Canada,10593
780,Romona Boissier,United States,48293
781,Welbie Crufts,Canada,13794
782,Dody Tomney,United States,17853
783,Emlen Prover,United States,76070
784,Selena Jonsson,Canada,42497
785,Jaquelyn Linge,United States,59044
786,Nanci Adamczewski,United States,29260
787,Valerye Uglow,United States,91084
788,Gilemette Aslen,United States,76293
789,Lisha MacRitchie,United States,69962
790,Shellie Timeby,United States,52115
791,Jeannie Wingfield,United States,40347
792,Alfreda Gimert,United States,72240
793,Malina MacSporran,United States,83601
794,Kimble Sarjant,United States,79019
795,Gale MacConnell,United States,25904
796,Hogan Dallow,United States,79099
797,Jobie Lantaph,Canada,29764
798,Marnie Antonsen,United States,54694
799,June Larter,United States,74666
800,Bailie Girardoni,United States,87422
801,Joshuah Cattini,United States,29175
802,Julio Lonnon,United States,61477
803,Gwenneth Asche,Sri Lanka,70000
804,Thelma Braben,United States,18851
805,Tadd Cubbini,United States,23361
806,Cecelia Pipes,United States,62590
807,Russell Amoss,United States,82831
808,Alexis Lancashire,United States,91597
809,Novelia Kitchinham,United States,44333
810,Hanan Stolz,United States,52142
811,Claudine Doog,Canada,83686
812,Edee Marre,United States,13820
813,Lothario Reinmar,Canada,24780
814,Isa Last,United States,68751
815,Uriel Crate,United States,16163
816,Gilles Scrivner,Canada,25937
817,Coretta Dombrell,Canada,71143
818,Matilde Oakland,United States,92101
819,Dorolisa Schooling,United States,47934
820,Bertram Rawcliffe,United States,12757
821,Mile McLorinan,United States,95477
822,Jill Castanone,Canada,76962
823,Stephan Huddart,United States,73503
824,Nikki Caton,United States,54628
825,Hettie Lonnon,Canada,97082
826,Clarice Vannikov,United States,40783
827,Melly Hakes,Canada,53020
828,Omar Wardrope,Canada,10788
829,Corinne Morter,Sri Lanka,70000
830,Burtie MacCrosson,United States,98424
831,Edward Falconer,Canada,27065
832,Morganica Lafontaine,United States,71168
833,Grace Dowty,Canada,85697
834,Irita Thomazin,Canada,54613
835,Alvis Genicke,United States,64204
836,Vivyanne Casellas,Canada,39248
837,Sandy Chalkly,Canada,92748
838,Auroora Knibbs,United States,87178
839,Fritz Rhule,United States,63621
840,Culver Matzaitis,United States,79521
841,Riley Dunsmore,United States,71477
842,Geoffry Antonsen,United States,74626
843,Abeu Pywell,Canada,73837
844,Nappie Fawdry,United States,83970
845,Niven Tather,United States,7147
846,Artemis De Bellis,United States,16302
847,Kore Kohlerman,United States,30328
848,Jaye Pringuer,Sri Lanka,70000
849,Ailbert Swatten,United States,9139
850,Jack Truce,Canada,3414
851,Raymond Spreull,United States,50239
852,Dar Orbell,United States,11010
853,Hasty Priden,Canada,66845
854,Roxie Cordes,United States,38981
855,Casie Kilgrew,United States,62648
856,Jeffie Haysom,United States,21400
857,Kiah Forde,United States,94323
858,Mariette Atcock,Canada,62364
859,Frances Firbank,United States,86509
860,Isac Pessel,United States,29865
861,Jaime Pinchen,United States,48612
862,Lissie Broadbridge,United States,23140
863,Carola Shenton,United States,40321
864,Dolly Foker,Canada,91890
865,Antoni Dainter,United States,45088
866,Myrtia Snar,United States,71511
867,Birk Enrich,United States,74168
868,Elene Blaymires,United States,69759
869,Ainsley Shimoni,United States,73383
870,Tisha Goundrill,United States,66786
871,Quinn Flewett,Canada,90188
872,Hilly Chaffin,Canada,20151
873,Vevay Bute,United States,86453
874,Sydelle Youle,United States,10197
875,Nissie Penbarthy,United States,48827
876,Padriac Page,Canada,42204
877,Beth Thundercliffe,United States,95484
878,Janos Baldazzi,Canada,15086
879,Fairleigh Keepe,United States,3523
880,Audi Cheales,United States,90189
881,Martguerita Pettett,United States,10428
882,Sinclair Braisby,United States,22061
883,Morten Blenkiron,United States,39324
884,Des Gapp,United States,50890
885,Elbertine Moreinis,Canada,51313
886,Kally Markie,United States,25800
887,Mendie Cossor,Canada,92310
888,Rivalee Gurling,United States,38197
889,Faythe Lappin,United States,74326
890,Jannel Eliasson,Sri Lanka,70000
891,Dal Corker,Sri Lanka,70000
892,Adolphus Maulin,Sri Lanka,70000
893,Stanfield Huot,United States,37853
894,Daniella Speek,United States,71139
895,Rodrique Brooke,United States,91450
896,Ingrid Vigietti,United States,88116
897,Joanie MacAdie,United States,38721
898,Madalena Finan,United States,90439
899,Quentin Anshell,Canada,80567
900,Herculie Garford,Canada,80925
901,Maximilien Armiger,Canada,50324
902,Sherilyn Scurfield,United States,35188
903,Max Revans,United States,51342
904,Sophia Jaouen,United States,72528
905,Gloriana Blaza,United States,30851
906,Odelinda Iamittii,United States,26679
907,Rollin Ivanenko,Canada,37560
908,Alyce Uc,United States,29617
909,Kellyann Okenden,Canada,77917
910,Emlynn Fladgate,Canada,96557
911,Rosette Lowrey,Canada,94045
912,Anastassia Bennington,United States,52768
913,Cazzie Minogue,Canada,38814
914,Vite Chatenier,Canada,63961
915,Bibby Sivill,United States,42378
916,Romola De Castri,Canada,64043
917,Madelle Roch,United States,88912
918,Sonya Pieterick,Canada,24519
919,Margi Chinnock,United States,98171
920,Belvia Brockherst,Canada,93579
921,Antone Kenvin,United States,82859
922,Farica Grunnell,Canada,60537
923,Christa Fernely,Canada,92892
924,Inge Ramel,United States,4726
925,Domeniga Donnachie,Canada,17548
926,Cassandre Gerge,Canada,13621
927,Ruby Cruz,United States,21773
928,Brennen Byart,United States,62461
929,Udall Huntingford,United States,73489
930,Charlton Gait,United States,59251
931,Josee Aymeric,United States,4019
932,Dorelle Habeshaw,Canada,97045
933,Nikos Randalston,United States,4247
934,Sidoney Isaksen,United States,86569
935,Tamara Wardel,United States,38809
936,Willyt Daborne,United States,64782
937,Hillel Sorrie,United States,90181
938,Laney Reely,United States,31332
939,Odelinda Coverlyn,United States,44348
940,Justine O'Doran,United States,15504
941,Marita Skermer,Canada,64833
942,Maxine Kynnd,United States,6554
943,Margret Chimenti,United States,4492
944,Kaleena Saywell,United States,69426
945,Lorettalorna Chardin,United States,15056
946,Dudley Osan,United States,8879
947,Ernaline Daveren,United States,39955
948,Lory Marrington,Canada,56399
949,Adria Mazillius,United States,93225
950,Drud Suttling,United States,63197
951,North Ethelston,Canada,45753
952,Nan Hanshaw,United States,16241
953,Evangelia Burrells,United States,56606
954,Eadmund Swithenby,United States,76774
955,Erinn Purvis,United States,51790
956,Fallon Bunclark,United States,41683
957,Forest Haburne,United States,3055
958,Romeo Grut,Canada,65874
959,Fanchette Thurling,United States,85457
960,Marin Veregan,United States,10825
961,Kerwin Groundwator,United States,18335
962,Amitie Trebble,United States,7792
963,Robbert Gadaud,Canada,30533
964,Thorpe Strugnell,United States,50883
965,Antonin Garfoot,United States,71146
966,Gussy Kernell,United States,74215
967,Natasha Foakes,Canada,61680
968,Tierney Halvorsen,United States,30684
969,Kata Mandres,United States,15720
970,Allison Ambler,United States,4394
971,Whitney Redolfi,Canada,77446
972,Lu Heinicke,United States,76174
973,Elayne Ickovic,United States,43935
974,Burton Edser,United States,36362
975,Minne Cousans,Canada,11437
976,Brana Tome,Sri Lanka,70000
977,Josie Baggallay,United States,60581
978,Lacy Legister,Canada,11856
979,Chadd Childs,United States,4514
980,Benito Willoughby,Sri Lanka,70000
981,Isiahi Beese,Canada,40787
982,Martie Freiberg,Canada,15111
983,Skippy Beacham,Canada,32974
984,Fletcher Colbran,Canada,39545
985,Gianina Uridge,United States,42176
986,Othella Buckston,United States,7998
987,Adelina Batson,Sri Lanka,70000
988,Ardath Ladloe,United States,80375
989,Zaria Wycherley,United States,56795
990,Sam Rodliff,United States,19974
991,Wynn Webley,United States,13980
992,Eden Muneely,United States,44064
993,Ira Hesbrook,United States,2307
994,Nikolaos Berry,Canada,6540
995,Valina Goodram,United States,94118
996,Yulma Povey,United States,79920
997,Guenna Vickery,Canada,24510
998,Jose McPartlin,United States,30626
999,Gregorius Thornton,United States,60721
1000,Filippa Piperley,United States,74559